{"cov": {"0": [[0.061438105494717433, -0.024997782759187483, -0.02499778275918748, 0.08149974593360942], [0.02619270768299311, 0.005659091826380934, 0.005659091826380934, 0.02875591595870938], [0.02579723989760048, -0.020131241122760216, -0.020131241122760216, 0.048151165898585764]], "1": [[0.051311866997113924, -0.02637447968292422, -0.02637447968292422, 0.01883228877489364], [0.023110754433358003, -0.006975507686132013, -0.006975507686132014, 0.028368335922627642], [0.06106465465915261, -0.02467760460658133, -0.02467760460658133, 0.08128286576290861]], "2": [[0.027170332826640844, -0.008400412655371205, -0.008400412655371203, 0.04044196297889207], [0.03596804949383442, 0.015492720439464053, 0.015492720439464053, 0.019351843047296872], [0.03604943454335491, 0.014638833823181657, 0.014638833823181657, 0.01629148685149032]], "3": [[0.024381886843710475, -0.0216998977979516, -0.0216998977979516, 0.04981001562952901], [0.06142322287095422, -0.024976574437304083, -0.024976574437304083, 0.08148258768051725], [0.02578083297137432, 0.0016988508638069678, 0.0016988508638069676, 0.03086886790456921]], "4": [[0.03596804949383442, 0.015492720439464053, 0.015492720439464053, 0.019351843047296875], [0.036049434543354894, 0.014638833823181659, 0.014638833823181657, 0.016291486851490317], [0.027170332826640844, -0.008400412655371205, -0.008400412655371203, 0.04044196297889207]]}, "mu": {"0": [[-0.4804644837314206, 1.220477042119972], [0.7360701898339922, 0.7242845614019909], [0.7840907619764329, 0.6364696508451679]], "1": [[0.734545471355592, 0.3830793683512454], [0.7634333458262503, 0.7247014481610082], [-0.4810289597717848, 1.2209360315919808]], "2": [[0.7589603463932412, 0.6797694399017238], [-0.6394637166412949, 1.474603500242706], [-0.32592059965446135, 0.9713359189258466]], "3": [[0.8094747560473956, 0.604790831682613], [-0.4804892294713183, 1.2205071578887412], [0.7339987011267147, 0.7200192713524661]], "4": [[-0.6394637166412949, 1.474603500242706], [-0.32592059965446124, 0.9713359189258465], [0.7589603463932412, 0.6797694399017238]]}}